Program,xPONENT,,MAGPIX,,,,,,,,,,,,,,,,,,,,,,,,,
Build,4.3.229.0,,,,,,,,,,,,,,,,,,,,,,,,,,,
Date,2/18/2021,10:31 AM,,,,,,,,,,,,,,,,,,,,,,,,,,
,,,,,,,,,,,,,,,,,,,,,,,,,,,,
SN,MAGPX20112724,,,,,,,,,,,,,,,,,,,,,,,,,,,
Batch,ePC Particles + MHS Cells,,,,,,,,,,,,,,,,,,,,,,,,,,,
Version,1,,,,,,,,,,,,,,,,,,,,,,,,,,,
Operator,admin,,,,,,,,,,,,,,,,,,,,,,,,,,,
ComputerName,DESKTOP-EHCCJIK,,,,,,,,,,,,,,,,,,,,,,,,,,,
Country Code,7F,,,,,,,,,,,,,,,,,,,,,,,,,,,
ProtocolName,Mo CytoChemok ConveniencePanel1 26plex,,,,,,,,,,,,,,,,,,,,,,,,,,,
ProtocolVersion,3,,,,,,,,,,,,,,,,,,,,,,,,,,,
ProtocolDescription,,,,,,,,,,,,,,,,,,,,,,,,,,,,
ProtocolDevelopingCompany,Thermo Fisher,,,,,,,,,,,,,,,,,,,,,,,,,,,
SampleWash,Off,,,,,,,,,,,,,,,,,,,,,,,,,,,
SampleVolume,50 uL,,,,,,,,,,,,,,,,,,,,,,,,,,,
BatchStartTime,2/18/2021 13:08,,,,,,,,,,,,,,,,,,,,,,,,,,,
BatchStopTime,2/18/2021 13:13,,,,,,,,,,,,,,,,,,,,,,,,,,,
BatchDescription,<None>,,,,,,,,,,,,,,,,,,,,,,,,,,,
ProtocolPlate,Name,ProcartaPlex Flat Bottom Plate,Type,96,Plates,1,,,,,,,,,,,,,,,,,,,,,,
ProtocolMicrosphere,Map,BP 50 regions,Type,MagPlex,Count,26,,,,,,,,,,,,,,,,,,,,,,
ProtocolAnalysis,Type,Quan,Mode,FitOfAllStandards,,,,,,,,,,,,,,,,,,,,,,,,
NormBead,None,,,,,,,,,,,,,,,,,,,,,,,,,,,
ProtocolHeater,Off,,,,,,,,,,,,,,,,,,,,,,,,,,,
,,,,,,,,,,,,,,,,,,,,,,,,,,,,
Most Recent Calibration and Verification Results:,,,,,,,,,,,,,,,,,,,,,,,,,,,,
Last CAL Calibration,Passed 02/18/2021 10:20:10,,,,,,,,,,,,,,,,,,,,,,,,,,,
Last VER Verification,Passed 02/18/2021 10:26:02,,,,,,,,,,,,,,,,,,,,,,,,,,,
Last Fluidics Test,Passed 02/18/2021 10:27:20,,,,,,,,,,,,,,,,,,,,,,,,,,,
,,,,,,,,,,,,,,,,,,,,,,,,,,,,
CALInfo:,,,,,,,,,,,,,,,,,,,,,,,,,,,,
Calibrator,,,,,,,,,,,,,,,,,,,,,,,,,,,,
Lot,ExpirationDate,CalibrationTime,CL1Temp,CL2Temp,RP1LongTemp,RP1ShortTemp,CL1Current,CL2Current,RP1LongCurrent,RP1ShortCurrent,CL1Factor,CL2Factor,RP1LongFactor,RP1ShortFactor,Result,MachineSerialNo,,,,,,,,,,,,
B79095,10/29/2021,2/18/2021 10:20,27,27,27,27,245,256,280,280,0.00703,0.007,0.00392,0.11707,Pass,MAGPX20112724,,,,,,,,,,,,
B79095,10/29/2021,2/18/2021 10:20,27,27,27,27,245,256,280,280,0.00703,0.007,0.00392,0.11707,Pass,MAGPX20112724,,,,,,,,,,,,
B79095,10/29/2021,2/18/2021 10:20,27,27,27,27,245,256,280,280,0.00703,0.007,0.00392,0.11707,Pass,MAGPX20112724,,,,,,,,,,,,
B79095,10/29/2021,2/18/2021 10:20,27,27,27,27,245,256,280,280,0.00703,0.007,0.00392,0.11707,Pass,MAGPX20112724,,,,,,,,,,,,
B79095,10/29/2021,2/18/2021 10:20,27,27,27,27,245,256,280,280,0.00703,0.007,0.00392,0.11707,Pass,MAGPX20112724,,,,,,,,,,,,
B79095,10/29/2021,2/18/2021 10:20,27,27,27,27,245,256,280,280,0.00703,0.007,0.00392,0.11707,Pass,MAGPX20112724,,,,,,,,,,,,
,,,,,,,,,,,,,,,,,,,,,,,,,,,,
,,,,,,,,,,,,,,,,,,,,,,,,,,,,
AssayLotInfo:,,,,,,,,,,,,,,,,,,,,,,,,,,,,
KitName,LotNumber,ExpirationDate,Manufacturer,,,,,,,,,,,,,,,,,,,,,,,,,
Mo CytoChemo 26plex,235556-002,4/1/2022,Thermo Fisher,,,,,,,,,,,,,,,,,,,,,,,,,
Reagent,LotName,LotNumber,ExpirationDate,Manufacturer,,,,,,,,,,,,,,,,,,,,,,,,
Standard1,26 plex,235514-000,4/1/2022,TFS,,,,,,,,,,,,,,,,,,,,,,,,
Standard2,26 plex,235514-000,4/1/2022,TFS,,,,,,,,,,,,,,,,,,,,,,,,
Standard3,26 plex,235514-000,4/1/2022,TFS,,,,,,,,,,,,,,,,,,,,,,,,
Standard4,26 plex,235514-000,4/1/2022,TFS,,,,,,,,,,,,,,,,,,,,,,,,
Standard5,26 plex,235514-000,4/1/2022,TFS,,,,,,,,,,,,,,,,,,,,,,,,
Standard6,26 plex,235514-000,4/1/2022,TFS,,,,,,,,,,,,,,,,,,,,,,,,
Standard7,26 plex,235514-000,4/1/2022,TFS,,,,,,,,,,,,,,,,,,,,,,,,
,,,,,,,,,,,,,,,,,,,,,,,,,,,,
,,,,,,,,,,,,,,,,,,,,,,,,,,,,
Samples,15,Min Events,50,Per Bead,,,,,,,,,,,,,,,,,,,,,,,,
,,,,,,,,,,,,,,,,,,,,,,,,,,,,
Results,,,,,,,,,,,,,,,,,,,,,,,,,,,,
,,,,,,,,,,,,,,,,,,,,,,,,,,,,
DataType:,Median,,,,,,,,,,,,,,,,,,,,,,,,,,,
Location,Sample,IL-10,IL-1 beta,IL-2,IP-10 (CXCL-10),IL-4,IL-5,IL-6,IL-22,IL-9,IL-13,IL-27,IL-23,IFN gamma,IL-12p70,GM-CSF,GRO alpha (CXCL1),RANTES (CCL5),TNF alpha,MIP-1 alpha (CCL3),MCP-3 (CCL7),MCP-1 (CCL2),IL-17A (CTLA-8),MIP-2 alpha (CXCL2),Eotaxin (CCL11),IL-18,MIP-1 beta (CCL4),Total Events
"25(1,A4)",Standard1,14121,14829,18166.5,18977,17329,22131.5,14204,10273,2778,19547.5,2934.5,4113.5,14289.5,5128,13883,5781,14143,7398,20027,18178,22930,3353.5,24806,10505,9592,21589,6439
"26(1,B4)",Standard2,5071.5,8112,10228,12980,8528,10912,7621.5,6223,2091,13396,1728,1683,7550,4785.5,10556,3761.5,13396,6989,12874.5,8710,12451,1953,13653,8762,8479,18660,4614
"27(1,C4)",Standard3,1449.5,2466,3559.5,6301,3205,3672,2418.5,2213,1380.5,5521,765,584.5,2694,2937,4896,1273,7146,3966,4752,2093.5,4599,637,3744.5,4381,4168,9259.5,2735
"28(1,D4)",Standard4,365.5,490.5,708,1278,785,700,520,484,600,1176.5,239.5,179,728,1127,1091,273,966,978,1019,363,634,142.5,502,815,709,2106,3662
"29(1,E4)",Standard5,96,100,157,275,178.5,160,123,109,174,273,68,48,188,273,147,74.5,229,187,301,104,78,43,101.5,173,96,309.5,4356
"30(1,F4)",Standard6,52,34,59.5,123.5,62,61,45,45.5,88,119,42,27,78,89,36,49,124,54,152,52,29,23,72,78.5,39,84,4591
"31(1,G4)",Standard7,34,19,37.5,71,29,31,24,26.5,63.5,67,32,18.5,44.5,43,14,42,95,26,113,45,20,17,69,46.5,27,50,3220
"32(1,H4)",Background0,25,12,26,52,16,19,15,15.5,58.5,52,27,17,29,25,9,37,77,16,89,36,15,15,59.5,31,22,41,6138
"33(1,A5)",Standard1,14577,14624.5,18105.5,19419,17115,22089,14142,9669,2726.5,19824,2841,3988,14325,5094,14140,5727,14260,7327,20387,18520,23181.5,3164,25210,10723,9481.5,22373.5,4500
"34(1,B5)",Standard2,5199.5,7503,9676,13669,8111,10211,6873,5818,1949,12853.5,1745.5,1590,7394,4687,9937,3269.5,12822,6538.5,11891,8289,12821.5,1803.5,13350,8602.5,8108.5,18591,2909
"35(1,C5)",Standard3,1155,1937.5,2780.5,4267,2514,2637.5,1888,1710,1267,4413,612,457,2232,2653.5,4062.5,1049,5241,3072,3515.5,1388,3054,446,2852.5,2668,3268,7959.5,3077
"36(1,D5)",Standard4,319,474,670,1143.5,723.5,659,497.5,484,617.5,1115,219,146,720,1105.5,987,237,896,968.5,975,362,514,128,439,743,651,1959,4968
"37(1,E5)",Standard5,91,96.5,140,281,175.5,149,116,105,172,273,71,46,193,279,135,72,220,173,295,104,80,40,97.5,183,99,312.5,4937
"38(1,F5)",Standard6,37,27,50,100,49,48,37,37,77.5,100,34,24,64,80,28,39,103,46,137,47,24,20,62,59,33,75,7821
"39(1,G5)",Standard7,28,17,32,65,26,27,20,20,63,67,30,19,40,40,13,39,87.5,23,105,39,17,17,62,37,27,49,6234
"40(1,H5)",Background0,23,12,27,48,15,18,14,15,58,51,25,17,28,24,9,38,74,15,90,34,15,13,57,30,23,39,7075
"41(1,A6)",Background0,28,13,28.5,61,17,20,18,17.5,63,50.5,30,16,32,25,9,37,82,17,97,41,17,14,61,31,26,43,3247
"42(1,B6)",Cells,132,43,77,5290,48,49,3333,55,94,100,53,48.5,47,68.5,32,95.5,3108,3643.5,27554.5,17896.5,16108,107,23805,100,113,22657.5,4625
"43(1,C6)",Dilution ,140,50,86,6507,62,64,4071,63.5,112,116,66.5,52,59,75.5,40,110,3926,3778,26895,17042,15102,106.5,23288,119.5,142,21991,5009
"44(1,D6)",Dilution 1,132,44,82,6300,58,66,4163,60,110,114,63,46.5,53,73.5,33,112,4436.5,4167,27425,17460,16263,110,24074.5,107,126,22440,4916
"45(1,E6)",Dilution 2,160,61,94,5995,65,80,4027.5,79,116.5,114.5,70,50,65,94,43,124.5,4081,3981,26301,17044.5,16562.5,110,23745,115,145,21594,5344
"46(1,F6)",Dilution 3,145.5,52.5,89,5909,56,60,3839,63,120,115,67,49,56,68,38,116.5,4064,4012,26909,17572,16811,101.5,23625,113,122,22065,5295
"47(1,G6)",Dilution 4,141.5,47,86,6505.5,60,56,4136.5,59,101,104,64,48,57,69,40.5,115,4459.5,4230.5,26895.5,17829.5,17352,102.5,23888,105,132,22261,2718
"48(1,H6)",Dilution 5,130,38,78,5776,51,55,3785,51,97,102,63,42,55,72,35,99,3299.5,3958.5,27327,17624.5,16705,110,23977.5,100,123.5,22489.5,3636
"49(1,A7)",Background0,25,11,23,46,15,18,12,13,51,39,25,16,28,24.5,8,29.5,64,14,76.5,32,14,14,53,28,17.5,31,4593
"50(1,B7)",Cells,108,37,73,5280,47.5,48,3542.5,48.5,90,100,55,36,47,63.5,26.5,88,3564,3918,26827.5,17363.5,16147,93,23072,90.5,120,21914,2049
"51(1,C7)",Dilution ,121,28,59.5,6933.5,42,47.5,4574,47,88,90,41,32,46,70.5,30,86,4203,3804,29074.5,18282,16595.5,87,25079.5,85.5,110,23476,2270
"52(1,D7)",Dilution 1,152,42.5,78.5,6202.5,49,57,3973,51,94.5,102,57,43.5,47.5,69,29,102,3825,3613,25981,16787,15965.5,93.5,23093,91,133,21499,2180
"53(1,E7)",Dilution 2,126,38.5,83,6063.5,50,50,3865,59,106,103,53,38,47.5,64,25.5,95,4183,4100,26777,17130,15723,96,23336,98,110,21855.5,2339
"54(1,F7)",Dilution 3,144,44,80.5,6006,54,57.5,3977,63,107,111,62,47,52,66,33,113.5,4342,4114,26912.5,17491,16926.5,98,23534.5,108.5,121,21777,4053
"55(1,G7)",Dilution 4,137.5,44,83,6237.5,56,54,3939.5,62.5,107,111,57,47,53.5,80.5,30,109,4309,4169,27134.5,17610,17030,107,24067,104,138,22166,5025
"56(1,H7)",Dilution 5,133.5,45,76,5566,51,55,3782.5,53,93,95,57,42,54,68,29,100,3440,4000.5,26671,17623,16475.5,104,23580,95,118,22037.5,2636
,,,,,,,,,,,,,,,,,,,,,,,,,,,,
DataType:,Net MFI,,,,,,,,,,,,,,,,,,,,,,,,,,,
Location,Sample,IL-10,IL-1 beta,IL-2,IP-10 (CXCL-10),IL-4,IL-5,IL-6,IL-22,IL-9,IL-13,IL-27,IL-23,IFN gamma,IL-12p70,GM-CSF,GRO alpha (CXCL1),RANTES (CCL5),TNF alpha,MIP-1 alpha (CCL3),MCP-3 (CCL7),MCP-1 (CCL2),IL-17A (CTLA-8),MIP-2 alpha (CXCL2),Eotaxin (CCL11),IL-18,MIP-1 beta (CCL4),Total Events
"25(1,A4)",Standard1,14095.75,14817,18140.375,18925.25,17313.25,22112.75,14189.25,10257.75,2720.375,19499.375,2907.75,4097,14260.25,5103.375,13874.25,5745.625,14068.75,7382.5,19938.875,18142.25,22914.75,3339.5,24748.375,10475,9569.875,21550.5,6439
"26(1,B4)",Standard2,5046.25,8100,10201.875,12928.25,8512.25,10893.25,7606.75,6207.75,2033.375,13347.875,1701.25,1666.5,7520.75,4760.875,10547.25,3726.125,13321.75,6973.5,12786.375,8674.25,12435.75,1939,13595.375,8732,8456.875,18621.5,4614
"27(1,C4)",Standard3,1424.25,2454,3533.375,6249.25,3189.25,3653.25,2403.75,2197.75,1322.875,5472.875,738.25,568,2664.75,2912.375,4887.25,1237.625,7071.75,3950.5,4663.875,2057.75,4583.75,623,3686.875,4351,4145.875,9221,2735
"28(1,D4)",Standard4,340.25,478.5,681.875,1226.25,769.25,681.25,505.25,468.75,542.375,1128.375,212.75,162.5,698.75,1102.375,1082.25,237.625,891.75,962.5,930.875,327.25,618.75,128.5,444.375,785,686.875,2067.5,3662
"29(1,E4)",Standard5,70.75,88,130.875,223.25,162.75,141.25,108.25,93.75,116.375,224.875,41.25,31.5,158.75,248.375,138.25,39.125,154.75,171.5,212.875,68.25,62.75,29,43.875,143,73.875,271,4356
"30(1,F4)",Standard6,26.75,22,33.375,71.75,46.25,42.25,30.25,30.25,30.375,70.875,15.25,10.5,48.75,64.375,27.25,13.625,49.75,38.5,63.875,16.25,13.75,9,14.375,48.5,16.875,45.5,4591
"31(1,G4)",Standard7,8.75,7,11.375,19.25,13.25,12.25,9.25,11.25,5.875,18.875,5.25,2,15.25,18.375,5.25,6.625,20.75,10.5,24.875,9.25,4.75,3,11.375,16.5,4.875,11.5,3220
"32(1,H4)",Background0,-0.25,0,-0.125,0.25,0.25,0.25,0.25,0.25,0.875,3.875,0.25,0.5,-0.25,0.375,0.25,1.625,2.75,0.5,0.875,0.25,-0.25,1,1.875,1,-0.125,2.5,6138
"33(1,A5)",Standard1,14551.75,14612.5,18079.375,19367.25,17099.25,22070.25,14127.25,9653.75,2668.875,19775.875,2814.25,3971.5,14295.75,5069.375,14131.25,5691.625,14185.75,7311.5,20298.875,18484.25,23166.25,3150,25152.375,10693,9459.375,22335,4500
"34(1,B5)",Standard2,5174.25,7491,9649.875,13617.25,8095.25,10192.25,6858.25,5802.75,1891.375,12805.375,1718.75,1573.5,7364.75,4662.375,9928.25,3234.125,12747.75,6523,11802.875,8253.25,12806.25,1789.5,13292.375,8572.5,8086.375,18552.5,2909
"35(1,C5)",Standard3,1129.75,1925.5,2754.375,4215.25,2498.25,2618.75,1873.25,1694.75,1209.375,4364.875,585.25,440.5,2202.75,2628.875,4053.75,1013.625,5166.75,3056.5,3427.375,1352.25,3038.75,432,2794.875,2638,3245.875,7921,3077
"36(1,D5)",Standard4,293.75,462,643.875,1091.75,707.75,640.25,482.75,468.75,559.875,1066.875,192.25,129.5,690.75,1080.875,978.25,201.625,821.75,953,886.875,326.25,498.75,114,381.375,713,628.875,1920.5,4968
"37(1,E5)",Standard5,65.75,84.5,113.875,229.25,159.75,130.25,101.25,89.75,114.375,224.875,44.25,29.5,163.75,254.375,126.25,36.625,145.75,157.5,206.875,68.25,64.75,26,39.875,153,76.875,274,4937
"38(1,F5)",Standard6,11.75,15,23.875,48.25,33.25,29.25,22.25,21.75,19.875,51.875,7.25,7.5,34.75,55.375,19.25,3.625,28.75,30.5,48.875,11.25,8.75,6,4.375,29,10.875,36.5,7821
"39(1,G5)",Standard7,2.75,5,5.875,13.25,10.25,8.25,5.25,4.75,5.375,18.875,3.25,2.5,10.75,15.375,4.25,3.625,13.25,7.5,16.875,3.25,1.75,3,4.375,7,4.875,10.5,6234
"40(1,H5)",Background0,-2.25,0,0.875,-3.75,-0.75,-0.75,-0.75,-0.25,0.375,2.875,-1.75,0.5,-1.25,-0.625,0.25,2.625,-0.25,-0.5,1.875,-1.75,-0.25,-1,-0.625,0,0.875,0.5,7075
"41(1,A6)",Background0,2.75,1,2.375,9.25,1.25,1.25,3.25,2.25,5.375,2.375,3.25,-0.5,2.75,0.375,0.25,1.625,7.75,1.5,8.875,5.25,1.75,0,3.375,1,3.875,4.5,3247
"42(1,B6)",Cells,106.75,31,50.875,5238.25,32.25,30.25,3318.25,39.75,36.375,51.875,26.25,32,17.75,43.875,23.25,60.125,3033.75,3628,27466.375,17860.75,16092.75,93,23747.375,70,90.875,22619,4625
"43(1,C6)",Dilution ,114.75,38,59.875,6455.25,46.25,45.25,4056.25,48.25,54.375,67.875,39.75,35.5,29.75,50.875,31.25,74.625,3851.75,3762.5,26806.875,17006.25,15086.75,92.5,23230.375,89.5,119.875,21952.5,5009
"44(1,D6)",Dilution 1,106.75,32,55.875,6248.25,42.25,47.25,4148.25,44.75,52.375,65.875,36.25,30,23.75,48.875,24.25,76.625,4362.25,4151.5,27336.875,17424.25,16247.75,96,24016.875,77,103.875,22401.5,4916
"45(1,E6)",Dilution 2,134.75,49,67.875,5943.25,49.25,61.25,4012.75,63.75,58.875,66.375,43.25,33.5,35.75,69.375,34.25,89.125,4006.75,3965.5,26212.875,17008.75,16547.25,96,23687.375,85,122.875,21555.5,5344
"46(1,F6)",Dilution 3,120.25,40.5,62.875,5857.25,40.25,41.25,3824.25,47.75,62.375,66.875,40.25,32.5,26.75,43.375,29.25,81.125,3989.75,3996.5,26820.875,17536.25,16795.75,87.5,23567.375,83,99.875,22026.5,5295
"47(1,G6)",Dilution 4,116.25,35,59.875,6453.75,44.25,37.25,4121.75,43.75,43.375,55.875,37.25,31.5,27.75,44.375,31.75,79.625,4385.25,4215,26807.375,17793.75,17336.75,88.5,23830.375,75,109.875,22222.5,2718
"48(1,H6)",Dilution 5,104.75,26,51.875,5724.25,35.25,36.25,3770.25,35.75,39.375,53.875,36.25,25.5,25.75,47.375,26.25,63.625,3225.25,3943,27238.875,17588.75,16689.75,96,23919.875,70,101.375,22451,3636
"49(1,A7)",Background0,-0.25,-1,-3.125,-5.75,-0.75,-0.75,-2.75,-2.25,-6.625,-9.125,-1.75,-0.5,-1.25,-0.125,-0.75,-5.875,-10.25,-1.5,-11.625,-3.75,-1.25,0,-4.625,-2,-4.625,-7.5,4593
"50(1,B7)",Cells,82.75,25,46.875,5228.25,31.75,29.25,3527.75,33.25,32.375,51.875,28.25,19.5,17.75,38.875,17.75,52.625,3489.75,3902.5,26739.375,17327.75,16131.75,79,23014.375,60.5,97.875,21875.5,2049
"51(1,C7)",Dilution ,95.75,16,33.375,6881.75,26.25,28.75,4559.25,31.75,30.375,41.875,14.25,15.5,16.75,45.875,21.25,50.625,4128.75,3788.5,28986.375,18246.25,16580.25,73,25021.875,55.5,87.875,23437.5,2270
"52(1,D7)",Dilution 1,126.75,30.5,52.375,6150.75,33.25,38.25,3958.25,35.75,36.875,53.875,30.25,27,18.25,44.375,20.25,66.625,3750.75,3597.5,25892.875,16751.25,15950.25,79.5,23035.375,61,110.875,21460.5,2180
"53(1,E7)",Dilution 2,100.75,26.5,56.875,6011.75,34.25,31.25,3850.25,43.75,48.375,54.875,26.25,21.5,18.25,39.375,16.75,59.625,4108.75,4084.5,26688.875,17094.25,15707.75,82,23278.375,68,87.875,21817,2339
"54(1,F7)",Dilution 3,118.75,32,54.375,5954.25,38.25,38.75,3962.25,47.75,49.375,62.875,35.25,30.5,22.75,41.375,24.25,78.125,4267.75,4098.5,26824.375,17455.25,16911.25,84,23476.875,78.5,98.875,21738.5,4053
"55(1,G7)",Dilution 4,112.25,32,56.875,6185.75,40.25,35.25,3924.75,47.25,49.375,62.875,30.25,30.5,24.25,55.875,21.25,73.625,4234.75,4153.5,27046.375,17574.25,17014.75,93,24009.375,74,115.875,22127.5,5025
"56(1,H7)",Dilution 5,108.25,33,49.875,5514.25,35.25,36.25,3767.75,37.75,35.375,46.875,30.25,25.5,24.75,43.375,20.25,64.625,3365.75,3985,26582.875,17587.25,16460.25,90,23522.375,65,95.875,21999,2636
,,,,,,,,,,,,,,,,,,,,,,,,,,,,
DataType:,Count,,,,,,,,,,,,,,,,,,,,,,,,,,,
Location,Sample,IL-10,IL-1 beta,IL-2,IP-10 (CXCL-10),IL-4,IL-5,IL-6,IL-22,IL-9,IL-13,IL-27,IL-23,IFN gamma,IL-12p70,GM-CSF,GRO alpha (CXCL1),RANTES (CCL5),TNF alpha,MIP-1 alpha (CCL3),MCP-3 (CCL7),MCP-1 (CCL2),IL-17A (CTLA-8),MIP-2 alpha (CXCL2),Eotaxin (CCL11),IL-18,MIP-1 beta (CCL4),Total Events
"25(1,A4)",Standard1,198,246,266,245,267,232,298,204,174,268,230,268,244,213,199,199,288,269,286,255,249,282,279,214,243,323,6439
"26(1,B4)",Standard2,116,159,193,152,168,184,180,149,107,237,149,153,180,178,154,128,205,259,220,209,171,173,224,141,224,201,4614
"27(1,C4)",Standard3,74,80,108,87,101,107,108,80,76,122,98,114,83,115,103,94,104,161,113,118,97,122,128,111,121,110,2735
"28(1,D4)",Standard4,90,98,139,125,160,133,135,110,114,170,154,143,167,160,133,135,147,187,163,144,137,158,141,121,144,154,3662
"29(1,E4)",Standard5,85,153,161,139,168,127,165,128,130,202,201,219,168,218,150,114,169,243,193,210,141,225,162,146,183,156,4356
"30(1,F4)",Standard6,101,156,174,166,197,159,180,146,140,186,211,209,156,189,183,169,198,206,152,166,179,237,190,170,176,195,4591
"31(1,G4)",Standard7,47,87,146,101,121,120,153,82,92,135,139,140,124,140,95,90,152,160,149,139,115,160,145,94,146,148,3220
"32(1,H4)",Background0,142,189,217,181,227,241,257,180,170,250,295,297,270,267,185,223,247,254,248,278,210,303,230,207,256,314,6138
"33(1,A5)",Standard1,129,152,172,182,192,182,165,137,116,212,155,178,173,159,161,147,171,244,213,212,160,158,245,135,156,194,4500
"34(1,B5)",Standard2,88,99,113,96,131,108,130,86,63,120,96,94,131,134,93,66,117,172,156,155,88,108,126,100,130,109,2909
"35(1,C5)",Standard3,66,100,124,107,110,114,131,75,68,155,98,128,110,164,114,71,123,203,154,140,103,113,136,91,151,128,3077
"36(1,D5)",Standard4,133,146,201,186,198,163,198,158,130,226,229,238,197,216,167,149,211,236,211,197,166,223,182,167,241,199,4968
"37(1,E5)",Standard5,124,178,178,163,206,165,194,147,140,226,202,198,205,221,168,170,195,257,218,209,204,218,190,143,210,208,4937
"38(1,F5)",Standard6,190,258,286,292,303,309,313,239,260,308,351,341,309,309,252,250,302,394,347,317,289,400,296,257,333,316,7821
"39(1,G5)",Standard7,173,210,196,210,232,208,280,212,213,269,296,297,194,259,221,201,236,285,247,257,231,311,266,220,232,278,6234
"40(1,H5)",Background0,163,255,228,246,271,274,281,217,241,293,302,317,277,269,247,226,272,348,291,294,259,360,281,234,296,333,7075
"41(1,A6)",Background0,61,95,124,101,109,105,143,76,96,128,155,154,127,156,126,109,120,193,134,152,108,154,123,99,159,140,3247
"42(1,B6)",Cells,111,132,154,217,132,159,239,145,104,184,176,180,125,168,131,138,207,302,222,250,204,199,236,124,142,244,4625
"43(1,C6)",Dilution ,103,153,149,215,168,145,244,142,111,167,182,195,153,158,144,156,247,320,287,257,271,214,283,144,165,236,5009
"44(1,D6)",Dilution 1,127,151,155,223,142,158,257,137,135,158,163,164,158,164,123,123,266,293,291,280,241,195,282,133,153,244,4916
"45(1,E6)",Dilution 2,114,156,167,259,200,151,264,144,148,184,189,203,158,189,137,148,264,315,302,284,270,223,281,146,171,277,5344
"46(1,F6)",Dilution 3,120,146,191,217,173,174,298,150,145,199,187,191,136,157,142,164,259,341,277,260,273,196,247,153,196,303,5295
"47(1,G6)",Dilution 4,74,74,102,128,96,71,134,65,66,116,101,98,81,93,70,68,116,178,140,156,95,126,139,73,107,151,2718
"48(1,H6)",Dilution 5,65,103,113,156,116,105,177,99,93,139,125,103,101,124,84,102,210,250,197,214,185,155,172,98,128,222,3636
"49(1,A7)",Background0,131,183,178,162,161,175,185,146,160,182,199,222,154,172,183,146,173,221,180,179,194,211,171,160,160,205,4593
"50(1,B7)",Cells,36,61,95,78,82,64,90,62,77,89,79,82,72,82,74,58,86,116,76,88,87,93,85,64,81,92,2049
"51(1,C7)",Dilution ,57,52,82,108,86,84,68,75,61,121,94,81,75,112,68,73,106,139,96,108,90,90,100,74,67,103,2270
"52(1,D7)",Dilution 1,54,64,72,78,92,80,116,63,58,84,68,76,64,92,71,65,88,141,110,117,96,80,95,53,83,120,2180
"53(1,E7)",Dilution 2,53,74,90,82,77,81,91,64,94,102,117,99,82,81,102,73,109,143,79,110,68,122,87,79,76,104,2339
"54(1,F7)",Dilution 3,88,115,148,175,155,124,215,117,103,157,145,163,119,139,102,118,225,254,210,216,162,160,194,104,140,205,4053
"55(1,G7)",Dilution 4,116,117,147,248,160,141,258,142,138,167,176,189,138,152,144,156,280,299,296,297,235,194,255,143,171,266,5025
"56(1,H7)",Dilution 5,50,62,101,103,83,93,156,59,77,87,108,99,80,85,63,66,133,182,153,168,100,103,142,60,99,124,2636
,,,,,,,,,,,,,,,,,,,,,,,,,,,,
DataType:,Result,,,,,,,,,,,,,,,,,,,,,,,,,,,
Location,Sample,IL-10,IL-1 beta,IL-2,IP-10 (CXCL-10),IL-4,IL-5,IL-6,IL-22,IL-9,IL-13,IL-27,IL-23,IFN gamma,IL-12p70,GM-CSF,GRO alpha (CXCL1),RANTES (CCL5),TNF alpha,MIP-1 alpha (CCL3),MCP-3 (CCL7),MCP-1 (CCL2),IL-17A (CTLA-8),MIP-2 alpha (CXCL2),Eotaxin (CCL11),IL-18,MIP-1 beta (CCL4),Total Events
"25(1,A4)",Standard1,8120.34641,4338.888308,5363.953184,2095.887632,5018.672499,8075.153617,19673.87063,51822.19061,137140.7382,8640.89946,8329.102644,35631.47052,4681.261855,5005.472553,10363.47573,5329.517816,> 10800,8971.95838,1327.200508,527.3899073,29136.68268,6984.469455,2957.214032,1890.820008,203721.7466,4229.043853,6439
"26(1,B4)",Standard2,2148.10925,1203.585122,1353.63657,525.7859036,1295.692178,2074.324649,5271.084809,10641.18087,15433.91776,2183.014059,2296.551335,8960.377941,1280.408922,2308.497531,2596.708472,2156.240659,1465.317352,4465.874115,374.4980547,232.096084,6667.139687,1555.201826,998.4703602,673.4088817,60692.84169,1756.77235,4614
"27(1,C4)",Standard3,570.2009196,300.3411366,382.4715314,186.4380919,359.8420389,619.4263104,1406.851119,2954.995253,4506.622752,637.9229673,589.7132945,2489.212904,323.219659,422.8612689,693.1278967,429.7976713,795.4738096,867.3453088,106.6030823,68.4095324,2269.191084,433.4853897,236.4884808,223.308648,14831.99047,416.3048877,2735
"28(1,D4)",Standard4,145.787251,70.52948653,85.77028768,38.0935421,82.07211447,129.8900509,317.5566265,664.2170586,1136.420336,139.489309,139.7596157,665.9465691,78.11265042,108.1536419,171.8649457,89.96393603,168.9704539,192.1659016,22.35563677,14.32116249,494.8538781,98.63901744,52.54196116,43.31021143,3423.793653,101.7492208,3662
"29(1,E4)",Standard5,34.57559452,17.42687482,21.03583116,8.289290404,19.25100702,31.33722344,76.43847308,148.6079492,250.0784228,32.4183058,31.89206133,129.6181363,18.42168958,24.68699999,38.06546467,26.66168667,43.638209,45.68813961,5.525344773,3.730761993,103.6673359,24.33677691,14.48813369,9.38394922,777.5734296,23.88358559,4356
"30(1,F4)",Standard6,14.30588863,5.273297596,6.409920061,2.925439864,5.949461331,10.16402107,23.23344264,51.3936092,83.76283313,10.78236606,13.73429148,43.60997566,5.780841253,7.017126215,11.90029986,14.02796938,16.1606332,13.17315379,1.638840401,1.037244825,36.16120923,7.289946612,7.556044096,3.506877779,267.2154623,6.723574421,4591
"31(1,G4)",Standard7,5.159872136,1.497346587,2.252618074,0.739160724,1.500941126,2.70835587,7.247187556,19.65601915,17.3845009,2.075050723,4.289247076,7.491228651,1.583267597,1.823979046,2.805850731,8.206445644,5.34760441,3.697288781,0.511871373,0.601632559,15.87679506,1.446959796,6.410460543,1.255222275,49.08869942,1.64642302,3220
"32(1,H4)",Background0,NaN,NaN,NaN,NaN,NaN,NaN,NaN,NaN,NaN,NaN,NaN,NaN,NaN,NaN,NaN,NaN,NaN,NaN,NaN,NaN,NaN,NaN,NaN,NaN,NaN,NaN,6138
"33(1,A5)",Standard1,8529.752547,4145.114981,5285.469158,2652.233789,4866.314707,8023.611818,19351.51302,34446.39959,102979.4061,9854.302437,7568.779647,33627.7244,4713.283656,4499.354468,12906.3095,5211.562086,> 10800,7549.139435,1496.403921,> 900,30847.5326,4864.37077,3071.270448,3043.241592,158351.0103,6588.733547,4500
"34(1,B5)",Standard2,2210.339308,1072.942522,1243.718651,586.0056277,1200.616692,1901.676584,4568.03961,9541.708002,11728.39042,2012.662653,2343.779297,8314.28063,1238.464254,1983.774674,2208.205197,1675.301535,1305.839788,2955.73727,328.7304372,222.4947221,6958.809909,1387.335834,966.4190803,639.9257747,50235.65277,1731.10064,2909
"35(1,C5)",Standard3,454.4490393,238.3693621,299.9168851,122.3553559,273.5862344,448.9703106,1098.586444,2270.464062,3759.070382,502.6694426,434.2644234,1886.389044,260.3389509,349.4204069,560.8334197,342.0519186,629.5020285,611.3908575,77.96199257,47.88734861,1606.107378,305.0404453,187.1985853,132.9676318,11492.24643,345.8433351,3077
"36(1,D5)",Standard4,127.221254,68.48946091,81.63943155,34.2983161,75.73874621,122.8031483,304.4061794,664.2170586,1181.006909,132.5759354,126.3672362,529.0674521,77.2189168,105.808377,158.80574,79.35493471,158.8620394,190.4987485,21.35985866,14.28384284,425.8592955,88.28433222,47.9497393,39.71495445,3222.92005,96.13219197,4968
"37(1,E5)",Standard5,32.34886448,16.85037597,18.68320978,8.489204961,18.9251386,29.10382658,71.85282505,142.6926734,246.4189203,32.4183058,33.82879786,121.489717,18.98130977,25.2406625,35.69964255,25.61658362,41.5708484,42.62206597,5.374886522,3.730761993,105.9006297,21.88729065,13.75350347,9.973205131,798.5936151,24.06486013,4937
"38(1,F5)",Standard6,6.763460634,3.651185562,4.714678196,1.994400182,4.292812679,7.071297691,17.32766917,37.49830641,59.22140562,7.793860724,6.608258471,31.06952446,4.075368945,6.066387227,9.152901189,< 1.45263671875,8.769011201,10.73290207,1.217370742,0.730576535,25.91017312,4.475121674,< 0.81787109375,2.168731218,180.008041,5.65136087,7821
"39(1,G5)",Standard7,1.731278798,0.834501523,0.982602729,0.447115182,1.02421084,1.569768924,3.910448791,7.883701937,15.23358999,2.075050723,0.563609932,9.696416778,0.967519937,1.430725513,2.122148568,< 1.45263671875,1.067691263,2.374267673,0.259993392,0.172031697,5.091650679,1.446959796,< 0.81787109375,0.499233275,49.08869942,1.392024918,6234
"40(1,H5)",Background0,NaN,NaN,NaN,NaN,NaN,NaN,NaN,NaN,NaN,NaN,NaN,NaN,NaN,NaN,NaN,NaN,NaN,NaN,NaN,NaN,NaN,NaN,NaN,NaN,NaN,NaN,7075
"41(1,A6)",Background0,NaN,NaN,NaN,NaN,NaN,NaN,NaN,NaN,NaN,NaN,NaN,NaN,NaN,NaN,NaN,NaN,NaN,NaN,NaN,NaN,NaN,NaN,NaN,NaN,NaN,NaN,3247
"42(1,B6)",Cells,50.26708361,7.184861907,9.321437331,153.496426,4.161844254,7.314605838,1959.593097,66.55278979,96.8141854,7.793860724,21.85109827,131.649265,1.915487938,4.819063551,10.56822919,34.7458677,423.1236067,765.9277478,> 1400,483.1850446,10225.51153,73.09002809,2692.79296,4.911267288,892.8974574,8278.10975,4625
"43(1,C6)",Dilution ,53.68995611,8.583491909,10.74599881,193.4696537,5.949461331,10.85947663,2432.371232,79.86846153,133.6361033,10.31916215,30.9169822,145.858111,3.453230856,5.583196966,13.16670529,39.86186285,505.6597892,806.7635434,> 1400,432.3181471,9068.919923,72.72496039,2565.634252,6.142505963,1072.683769,5178.513139,5009
"44(1,D6)",Dilution 1,50.26708361,7.388685868,10.11784847,186.4042439,5.447712321,11.31996269,2493.320968,74.41021749,129.6688533,10.00872873,28.62162597,123.5224444,2.693908634,5.366526777,10.90823823,40.54749669,554.8580554,937.2593703,> 1400,451.6905323,10419.62577,75.27695847,2761.547004,5.357204745,975.7444143,6917.857924,4916
"45(1,E6)",Dilution 2,62.16936895,10.67282816,11.98109304,176.2042875,6.321898729,14.48290851,2403.718602,103.6941698,142.4788561,10.08646302,33.18508426,137.740586,4.198835105,7.537575878,14.08076996,44.74698184,520.7655254,872.3698853,> 1400,432.4186319,10808.2827,75.27695847,2677.720303,5.861310919,1090.325882,4238.723683,5344
"46(1,F6)",Dilution 3,56.03231262,9.06872917,11.21231624,173.3713963,5.194398331,9.930870093,2280.751511,79.09069037,149.2856334,10.16411279,31.24254263,133.6800386,3.075547476,4.763825391,12.54086342,42.07545361,519.116197,882.8487321,> 1400,458.1480606,11145.19745,69.06481903,2647.826633,5.735803839,950.6805001,5401.73131,5295
"47(1,G6)",Dilution 4,54.32962683,7.991798333,10.74599881,193.4180225,5.699364229,8.991053408,2475.715409,72.84458899,111.4708087,8.434845632,29.28054654,129.6181363,3.201850789,4.874207875,13.32102895,41.56830719,557.0386268,960.5853352,> 1400,476.8833994,11928.62054,69.79825295,2713.783155,5.230278591,1012.69064,6099.081517,2718
"48(1,H6)",Dilution 5,49.40825378,6.141816393,9.481779905,169.0261015,4.553008879,8.754178625,2245.872731,60.2100881,103.1601493,8.115250336,28.62162597,105.2099436,2.948806162,5.203187263,11.57400588,36.00703343,442.9117251,864.8440798,> 1400,461.4574572,10999.81875,75.27695847,2736.600502,4.911267288,960.1217134,7185.576433,3636
"49(1,A7)",Background0,NaN,NaN,NaN,NaN,NaN,NaN,NaN,NaN,NaN,NaN,NaN,NaN,NaN,NaN,NaN,NaN,NaN,NaN,NaN,NaN,NaN,NaN,NaN,NaN,NaN,NaN,4593
"50(1,B7)",Cells,39.86673869,5.927841527,8.674359292,153.1823289,4.096130943,7.071297691,2091.061536,56.21724715,88.17322214,7.793860724,23.23706999,80.70764931,1.915487938,4.262179199,8.59549985,31.97343372,469.7540779,851.4628583,> 1400,446.6560381,10273.91778,62.80034361,2514.282691,4.29783963,938.0110316,4965.093037,2049
"51(1,C7)",Dilution ,45.52685229,3.893097278,6.409920061,208.4196221,3.361979716,6.949243385,2771.734033,53.81002647,83.76283313,6.156220661,12.93192843,64.28878408,1.783270517,5.039093142,9.872390876,31.21558026,532.5497223,814.8890665,> 1400,571.9719813,10852.24776,58.34305838,3033.943025,3.970669618,873.1725462,38579.37924,2270
"52(1,D7)",Dilution 1,58.78997044,7.082393071,9.561746816,183.1170069,4.292812679,9.227135047,2367.968214,60.2100881,97.87927544,8.115250336,24.60498787,111.3189416,1.981291046,4.874207875,9.515818469,37.07372638,495.7326667,756.9344864,> 1400,422.7198784,10051.07,63.17041075,2519.230539,4.330383832,1018.776305,4061.968137,2180
"53(1,E7)",Dilution 2,47.68664021,6.248080503,10.27560079,178.4740403,4.423192531,7.556883867,2297.599377,72.84458899,121.656183,8.275266595,21.85109827,88.88889226,1.981291046,4.31833989,8.214334443,34.56412899,530.6240845,913.3148717,> 1400,435.9446775,9762.672411,65.01772388,2577.185209,4.782951451,873.1725462,4814.362133,2339
"54(1,F7)",Dilution 3,55.39432638,7.388685868,9.880289619,176.5679708,4.939301501,9.344886512,2370.586558,79.09069037,123.6697632,9.540499141,27.95999853,125.5547441,2.565695108,4.54190173,10.90823823,41.05901496,545.8675205,918.2632919,> 1400,453.4049229,11306.5176,66.49203813,2625.501463,5.452155774,944.3575063,4625.889607,4053
"55(1,G7)",Dilution 4,52.62238409,7.388685868,10.27560079,184.2941083,5.194398331,8.516483392,2346.073729,78.31227297,123.6697632,9.540499141,24.60498787,125.5547441,2.757818477,6.119729308,9.872390876,39.5174393,542.7159592,937.9844911,> 1400,460.5228811,11453.73415,73.09002809,2759.610039,5.16667315,1048.911905,5739.674104,5025
"56(1,H7)",Dilution 5,50.91036768,7.591077751,9.160538442,162.2505375,4.553008879,8.754178625,2244.261636,63.38817114,94.67449385,6.981876964,24.60498787,105.2099436,2.821602268,4.763825391,9.515818469,36.36400125,457.2378004,878.9463923,> 1400,461.3600139,10693.48093,70.89707066,2636.702263,4.58967259,925.2462208,5316.554268,2636
,,,,,,,,,,,,,,,,,,,,,,,,,,,,
DataType:,Range,,,,,,,,,,,,,,,,,,,,,,,,,,,
Location,Sample,IL-10,IL-1 beta,IL-2,IP-10 (CXCL-10),IL-4,IL-5,IL-6,IL-22,IL-9,IL-13,IL-27,IL-23,IFN gamma,IL-12p70,GM-CSF,GRO alpha (CXCL1),RANTES (CCL5),TNF alpha,MIP-1 alpha (CCL3),MCP-3 (CCL7),MCP-1 (CCL2),IL-17A (CTLA-8),MIP-2 alpha (CXCL2),Eotaxin (CCL11),IL-18,MIP-1 beta (CCL4),Total Events
"25(1,A4)",Standard1,,,,,,,,,,,,,,,,,,,,,,,,,,,6439
"26(1,B4)",Standard2,,,,,,,,,,,,,,,,,,,,,,,,,,,4614
"27(1,C4)",Standard3,,,,,,,,,,,,,,,,,,,,,,,,,,,2735
"28(1,D4)",Standard4,,,,,,,,,,,,,,,,,,,,,,,,,,,3662
"29(1,E4)",Standard5,,,,,,,,,,,,,,,,,,,,,,,,,,,4356
"30(1,F4)",Standard6,,,,,,,,,,,,,,,,,,,,,,,,,,,4591
"31(1,G4)",Standard7,,,,,,,,,,,,,,,,,,,,,,,,,,,3220
"32(1,H4)",Background0,,,,,,,,,,,,,,,,,,,,,,,,,,,6138
"33(1,A5)",Standard1,,,,,,,,,,,,,,,,,,,,,,,,,,,4500
"34(1,B5)",Standard2,,,,,,,,,,,,,,,,,,,,,,,,,,,2909
"35(1,C5)",Standard3,,,,,,,,,,,,,,,,,,,,,,,,,,,3077
"36(1,D5)",Standard4,,,,,,,,,,,,,,,,,,,,,,,,,,,4968
"37(1,E5)",Standard5,,,,,,,,,,,,,,,,,,,,,,,,,,,4937
"38(1,F5)",Standard6,,,,,,,,,,,,,,,,,,,,,,,,,,,7821
"39(1,G5)",Standard7,,,,,,,,,,,,,,,,,,,,,,,,,,,6234
"40(1,H5)",Background0,,,,,,,,,,,,,,,,,,,,,,,,,,,7075
"41(1,A6)",Background0,,,,,,,,,,,,,,,,,,,,,,,,,,,3247
"42(1,B6)",Cells,,,,,,,,,,,,,,,,,,,,,,,,,,,4625
"43(1,C6)",Dilution ,,,,,,,,,,,,,,,,,,,,,,,,,,,5009
"44(1,D6)",Dilution 1,,,,,,,,,,,,,,,,,,,,,,,,,,,4916
"45(1,E6)",Dilution 2,,,,,,,,,,,,,,,,,,,,,,,,,,,5344
"46(1,F6)",Dilution 3,,,,,,,,,,,,,,,,,,,,,,,,,,,5295
"47(1,G6)",Dilution 4,,,,,,,,,,,,,,,,,,,,,,,,,,,2718
"48(1,H6)",Dilution 5,,,,,,,,,,,,,,,,,,,,,,,,,,,3636
"49(1,A7)",Background0,,,,,,,,,,,,,,,,,,,,,,,,,,,4593
"50(1,B7)",Cells,,,,,,,,,,,,,,,,,,,,,,,,,,,2049
"51(1,C7)",Dilution ,,,,,,,,,,,,,,,,,,,,,,,,,,,2270
"52(1,D7)",Dilution 1,,,,,,,,,,,,,,,,,,,,,,,,,,,2180
"53(1,E7)",Dilution 2,,,,,,,,,,,,,,,,,,,,,,,,,,,2339
"54(1,F7)",Dilution 3,,,,,,,,,,,,,,,,,,,,,,,,,,,4053
"55(1,G7)",Dilution 4,,,,,,,,,,,,,,,,,,,,,,,,,,,5025
"56(1,H7)",Dilution 5,,,,,,,,,,,,,,,,,,,,,,,,,,,2636
,,,,,,,,,,,,,,,,,,,,,,,,,,,,
DataType:,Avg Net MFI,,,,,,,,,,,,,,,,,,,,,,,,,,,
Sample,IL-10,IL-1 beta,IL-2,IP-10 (CXCL-10),IL-4,IL-5,IL-6,IL-22,IL-9,IL-13,IL-27,IL-23,IFN gamma,IL-12p70,GM-CSF,GRO alpha (CXCL1),RANTES (CCL5),TNF alpha,MIP-1 alpha (CCL3),MCP-3 (CCL7),MCP-1 (CCL2),IL-17A (CTLA-8),MIP-2 alpha (CXCL2),Eotaxin (CCL11),IL-18,MIP-1 beta (CCL4),,
Standard1,14323.75,14714.75,18109.875,19146.25,17206.25,22091.5,14158.25,9955.75,2694.625,19637.625,2861,4034.25,14278,5086.375,14002.75,5718.625,14127.25,7347,20118.875,18313.25,23040.5,3244.75,24950.375,10584,9514.625,21942.75,,
Standard2,5110.25,7795.5,9925.875,13272.75,8303.75,10542.75,7232.5,6005.25,1962.375,13076.625,1710,1620,7442.75,4711.625,10237.75,3480.125,13034.75,6748.25,12294.625,8463.75,12621,1864.25,13443.875,8652.25,8271.625,18587,,
Standard3,1277,2189.75,3143.875,5232.25,2843.75,3136,2138.5,1946.25,1266.125,4918.875,661.75,504.25,2433.75,2770.625,4470.5,1125.625,6119.25,3503.5,4045.625,1705,3811.25,527.5,3240.875,3494.5,3695.875,8571,,
Standard4,317,470.25,662.875,1159,738.5,660.75,494,468.75,551.125,1097.625,202.5,146,694.75,1091.625,1030.25,219.625,856.75,957.75,908.875,326.75,558.75,121.25,412.875,749,657.875,1994,,
Standard5,68.25,86.25,122.375,226.25,161.25,135.75,104.75,91.75,115.375,224.875,42.75,30.5,161.25,251.375,132.25,37.875,150.25,164.5,209.875,68.25,63.75,27.5,41.875,148,75.375,272.5,,
Standard6,19.25,18.5,28.625,60,39.75,35.75,26.25,26,25.125,61.375,11.25,9,41.75,59.875,23.25,8.625,39.25,34.5,56.375,13.75,11.25,7.5,9.375,38.75,13.875,41,,
Standard7,5.75,6,8.625,16.25,11.75,10.25,7.25,8,5.625,18.875,4.25,2.25,13,16.875,4.75,5.125,17,9,20.875,6.25,3.25,3,7.875,11.75,4.875,11,,
Cells,94.75,28,48.875,5233.25,32,29.75,3423,36.5,34.375,51.875,27.25,25.75,17.75,41.375,20.5,56.375,3261.75,3765.25,27102.875,17594.25,16112.25,86,23380.875,65.25,94.375,22247.25,,
Dilution ,105.25,27,46.625,6668.5,36.25,37,4307.75,40,42.375,54.875,27,25.5,23.25,48.375,26.25,62.625,3990.25,3775.5,27896.625,17626.25,15833.5,82.75,24126.125,72.5,103.875,22695,,
Dilution 1,116.75,31.25,54.125,6199.5,37.75,42.75,4053.25,40.25,44.625,59.875,33.25,28.5,21,46.625,22.25,71.625,4056.5,3874.5,26614.875,17087.75,16099,87.75,23526.125,69,107.375,21931,,
Dilution 2,117.75,37.75,62.375,5977.5,41.75,46.25,3931.5,53.75,53.625,60.625,34.75,27.5,27,54.375,25.5,74.375,4057.75,4025,26450.875,17051.5,16127.5,89,23482.875,76.5,105.375,21686.25,,
Dilution 3,119.5,36.25,58.625,5905.75,39.25,40,3893.25,47.75,55.875,64.875,37.75,31.5,24.75,42.375,26.75,79.625,4128.75,4047.5,26822.625,17495.75,16853.5,85.75,23522.125,80.75,99.375,21882.5,,
Dilution 4,114.25,33.5,58.375,6319.75,42.25,36.25,4023.25,45.5,46.375,59.375,33.75,31,26,50.125,26.5,76.625,4310,4184.25,26926.875,17684,17175.75,90.75,23919.875,74.5,112.875,22175,,
Dilution 5,106.5,29.5,50.875,5619.25,35.25,36.25,3769,36.75,37.375,50.375,33.25,25.5,25.25,45.375,23.25,64.125,3295.5,3964,26910.875,17588,16575,93,23721.125,67.5,98.625,22225,,
,,,,,,,,,,,,,,,,,,,,,,,,,,,,
DataType:,Avg Result,,,,,,,,,,,,,,,,,,,,,,,,,,,
Sample,IL-10,IL-1 beta,IL-2,IP-10 (CXCL-10),IL-4,IL-5,IL-6,IL-22,IL-9,IL-13,IL-27,IL-23,IFN gamma,IL-12p70,GM-CSF,GRO alpha (CXCL1),RANTES (CCL5),TNF alpha,MIP-1 alpha (CCL3),MCP-3 (CCL7),MCP-1 (CCL2),IL-17A (CTLA-8),MIP-2 alpha (CXCL2),Eotaxin (CCL11),IL-18,MIP-1 beta (CCL4),,
Standard1,8325.049478,4242.001645,5324.711171,2374.06071,4942.493603,8049.382717,19512.69182,43134.2951,120060.0721,9247.600948,7948.941145,34629.59746,4697.272755,4752.413511,11634.89262,5270.539951,> 10800,8260.548908,1411.802215,N/A,29992.10764,5924.420113,3014.24224,2467.0308,181036.3785,5408.8887,,
Standard2,2179.224279,1138.263822,1298.67761,555.8957657,1248.154435,1988.000617,4919.56221,10091.44444,13581.15409,2097.838356,2320.165316,8637.329286,1259.436588,2146.136103,2402.456834,1915.771097,1385.57857,3710.805692,351.614246,227.295403,6812.974798,1471.26883,982.4447203,656.6673282,55464.24723,1743.936495,,
Standard3,512.3249794,269.3552493,341.1942082,154.3967239,316.7141366,534.1983105,1252.718781,2612.729658,4132.846567,570.2962049,511.9888589,2187.800974,291.779305,386.1408379,626.9806582,385.924795,712.4879191,739.3680832,92.28253746,58.14844051,1937.649231,369.2629175,211.8435331,178.1381399,13162.11845,381.0741114,,
Standard4,136.5042525,69.50947372,83.70485961,36.1959291,78.90543034,126.3465996,310.9814029,664.2170586,1158.713622,136.0326222,133.0634259,597.5070106,77.66578361,106.9810094,165.3353429,84.65943537,163.9162467,191.3323251,21.85774771,14.30250266,460.3565868,93.46167483,50.24585023,41.51258294,3323.356852,98.94070641,,
Standard5,33.4622295,17.1386254,19.85952047,8.389247683,19.08807281,30.22052501,74.14564906,145.6503113,248.2486716,32.4183058,32.8604296,125.5539266,18.70149967,24.96383124,36.88255361,26.13913514,42.6045287,44.15510279,5.450115648,3.730761993,104.7839828,23.11203378,14.12081858,9.678577175,788.0835223,23.97422286,,
Standard6,10.53467463,4.462241579,5.562299129,2.459920023,5.121137005,8.617659379,20.2805559,44.44595781,71.49211938,9.288113393,10.17127497,37.33975006,4.928105099,6.541756721,10.52660052,N/A,12.4648222,11.95302793,1.428105572,0.88391068,31.03569117,5.882534143,N/A,2.837804498,223.6117517,6.187467645,,
Standard7,3.445575467,1.165924055,1.617610402,0.593137953,1.262575983,2.139062397,5.578818174,13.76986054,16.30904544,2.075050723,2.426428504,8.593822714,1.275393767,1.62735228,2.46399965,N/A,3.207647836,3.035778227,0.385932383,0.386832128,10.48422287,1.446959796,N/A,0.877227775,49.08869942,1.519223969,,
Cells,45.06691115,6.556351717,8.997898312,153.3393775,4.128987599,7.192951764,2025.327316,61.38501847,92.49370377,7.793860724,22.54408413,106.1784572,1.915487938,4.540621375,9.581864521,33.35965071,446.4388423,808.6953031,> 1400,464.9205414,10249.71466,67.94518585,2603.537826,4.604553459,915.4542445,6621.601393,,
Dilution ,49.6084042,6.238294594,8.577959434,200.9446379,4.655720523,8.90436001,2602.052633,66.839244,108.6994682,8.237691403,21.92445532,105.0734475,2.618250687,5.311145054,11.51954808,35.53872155,519.1047557,810.8263049,> 1400,502.1450642,9960.583841,65.53400939,2799.788638,5.056587791,972.9281576,21878.94619,,
Dilution 1,54.52852703,7.23553947,9.839797644,184.7606254,4.8702625,10.27354887,2430.644591,67.3101528,113.7740644,9.061989532,26.61330692,117.420693,2.33759984,5.120367326,10.21202835,38.81061154,525.295361,847.0969284,> 1400,437.2052053,10235.34789,69.22368461,2640.388772,4.843794288,997.2603597,5489.91303,,
Dilution 2,54.92800458,8.460454332,11.12834692,177.3391639,5.37254563,11.01989619,2350.65899,88.2693794,132.0675196,9.180864806,27.51809126,113.3147391,3.090063075,5.927957884,11.1475522,39.65555541,525.694805,892.8423785,> 1400,434.1816547,10285.47755,70.14734117,2627.452756,5.322131185,981.7492142,4526.542908,,
Dilution 3,55.7133195,8.228707519,10.54630293,174.9696836,5.066849916,9.637878303,2325.669035,79.09069037,136.4776983,9.852305967,29.60127058,129.6173913,2.820621292,4.65286356,11.72455082,41.56723428,532.4918587,900.556012,> 1400,455.7764917,11225.85753,67.77842858,2636.664048,5.593979806,947.5190032,5013.810459,,
Dilution 4,53.47600546,7.690242101,10.5107998,188.8560654,5.44688128,8.7537684,2410.894569,75.57843098,117.5702859,8.987672387,26.9427672,127.5864402,2.979834633,5.496968591,11.59670991,40.54287325,549.877293,949.2849131,> 1400,468.7031402,11691.17734,71.44414052,2736.696597,5.19847587,1030.801272,5919.377811,,
Dilution 5,50.15931073,6.866447072,9.321159174,165.6383195,4.553008879,8.754178625,2245.067184,61.79912962,98.91732156,7.54856365,26.61330692,105.2099436,2.885204215,4.983506327,10.54491217,36.18551734,450.0747627,871.8952361,> 1400,461.4087356,10846.64984,73.08701457,2686.651382,4.750469939,942.6839671,6251.06535,,
,,,,,,,,,,,,,,,,,,,,,,,,,,,,
DataType:,Avg Range,,,,,,,,,,,,,,,,,,,,,,,,,,,
Sample,IL-10,IL-1 beta,IL-2,IP-10 (CXCL-10),IL-4,IL-5,IL-6,IL-22,IL-9,IL-13,IL-27,IL-23,IFN gamma,IL-12p70,GM-CSF,GRO alpha (CXCL1),RANTES (CCL5),TNF alpha,MIP-1 alpha (CCL3),MCP-3 (CCL7),MCP-1 (CCL2),IL-17A (CTLA-8),MIP-2 alpha (CXCL2),Eotaxin (CCL11),IL-18,MIP-1 beta (CCL4),,
Standard1,,,,,,,,,,,,,,,,,,,,,,,,,,,,
Standard2,,,,,,,,,,,,,,,,,,,,,,,,,,,,
Standard3,,,,,,,,,,,,,,,,,,,,,,,,,,,,
Standard4,,,,,,,,,,,,,,,,,,,,,,,,,,,,
Standard5,,,,,,,,,,,,,,,,,,,,,,,,,,,,
Standard6,,,,,,,,,,,,,,,,,,,,,,,,,,,,
Standard7,,,,,,,,,,,,,,,,,,,,,,,,,,,,
Cells,,,,,,,,,,,,,,,,,,,,,,,,,,,,
Dilution ,,,,,,,,,,,,,,,,,,,,,,,,,,,,
Dilution 1,,,,,,,,,,,,,,,,,,,,,,,,,,,,
Dilution 2,,,,,,,,,,,,,,,,,,,,,,,,,,,,
Dilution 3,,,,,,,,,,,,,,,,,,,,,,,,,,,,
Dilution 4,,,,,,,,,,,,,,,,,,,,,,,,,,,,
Dilution 5,,,,,,,,,,,,,,,,,,,,,,,,,,,,
,,,,,,,,,,,,,,,,,,,,,,,,,,,,
DataType:,%CV Replicates,,,,,,,,,,,,,,,,,,,,,,,,,,,
Sample,IL-10,IL-1 beta,IL-2,IP-10 (CXCL-10),IL-4,IL-5,IL-6,IL-22,IL-9,IL-13,IL-27,IL-23,IFN gamma,IL-12p70,GM-CSF,GRO alpha (CXCL1),RANTES (CCL5),TNF alpha,MIP-1 alpha (CCL3),MCP-3 (CCL7),MCP-1 (CCL2),IL-17A (CTLA-8),MIP-2 alpha (CXCL2),Eotaxin (CCL11),IL-18,MIP-1 beta (CCL4),,
Standard1,3.477383009,3.230041982,1.042245957,16.57060153,2.179734299,0.452774538,1.168169184,28.48438726,20.11968606,9.278141197,6.763536635,4.091478311,0.482042109,7.530479609,15.45398882,1.582519009,0,12.17939553,8.47462059,NaN,4.033573077,25.30435264,2.675633155,33.03100701,17.72127544,30.84834384,,
Standard2,2.019218317,8.115716806,5.984834534,7.660028714,5.386234219,6.140874232,10.10512738,7.703998437,19.29293707,5.741940697,1.439346243,5.289364051,2.354970388,10.69893628,11.43468205,17.75135437,8.138670006,28.77617671,9.204004964,2.986944728,3.027194397,8.06781052,2.306865401,3.6054987,13.33173994,1.040900283,,
Standard3,15.97598063,16.26872394,17.10900971,29.34863905,19.25776503,22.56289302,17.4002374,18.52608997,12.79020021,16.77000191,21.46901227,19.48352909,15.23870076,13.44859866,14.92012881,16.0771263,16.47182623,24.47862334,21.94598172,24.95574291,24.197929,24.59610397,16.45234047,35.86022914,17.94206355,13.07458056,,
Standard4,9.617387148,2.075279629,3.489589967,7.414176425,5.675613992,3.966230124,2.990137105,0,2.720902513,3.593618423,7.116788321,16.1986638,0.813698227,1.550137483,5.585165738,8.861028586,4.36059794,0.616129698,3.221381559,0.184506017,10.59755385,7.834086157,6.462605769,6.124000036,4.273964336,4.014363098,,
Standard5,4.70541244,2.37852355,8.376609757,1.685025219,1.207160972,5.22575324,4.373207141,2.871762918,1.042365709,0,4.167564296,4.577842016,2.115933145,1.568262944,4.53571865,2.827176389,3.431195566,4.91005869,1.952069571,0,1.507078816,7.494140742,3.678696184,4.305042398,1.886033057,0.534659501,,
Standard6,50.62616709,25.70471362,21.5507471,26.76284052,22.87436353,25.37679404,20.591213,22.10653863,24.27317859,22.75157829,49.5401636,23.74798456,24.47088709,10.27665831,18.45519096,NaN,41.93133249,14.43582783,20.86848897,24.53270817,23.35561695,33.83544835,NaN,33.34311818,27.57679706,12.25330808,,
Standard7,70.36216801,40.200066,55.51623936,34.81607979,26.69932128,37.63810496,42.2926601,60.45293855,9.32564506,0,108.5720549,18.14446877,34.13842513,17.08740285,19.62055618,NaN,94.34812558,30.816388,46.1491795,78.52855564,72.74023858,0,NaN,60.93798714,0,11.84069147,,
Cells,16.31830147,13.55704625,5.085112691,0.144842202,1.125368533,2.391853112,4.589985227,11.9057263,6.605945555,0,4.34717152,33.92511333,0,8.672308682,14.55802566,5.876580902,7.385719898,7.479016691,0,5.555768343,0.333944778,10.7084933,4.848242289,9.420215461,3.48462137,35.37900342,,
Dilution ,11.63550039,53.16532908,35.7435904,5.260764408,39.29844557,31.05166956,9.222170788,27.5677806,32.44333031,35.73384834,58.00533376,54.89324424,45.10035214,7.244002924,20.22155769,17.20333423,3.662854908,0.708612003,0,19.6656664,12.65993265,15.51795859,11.82747527,30.37068218,14.50011879,107.94843,,
Dilution 1,11.05218021,2.993304293,3.996253441,1.258075176,16.76783065,14.40449289,3.646678037,14.91752339,19.75724979,14.77480641,10.67207488,7.348942766,21.5561586,6.79877071,9.641468089,6.329007561,7.958943947,15.05246259,0,4.685521937,2.546159502,12.36660839,6.489332815,14.98973713,3.051173294,36.78417169,,
Dilution 2,18.64410656,36.98109997,10.83687586,0.905021518,24.98979293,44.44178883,3.192195219,24.71292756,11.14873165,13.94976725,29.123889,30.48444023,50.74460953,38.40013107,37.21172381,18.15726505,1.326064837,3.242731111,0,0.574250594,7.18836942,10.34162411,2.705626081,14.32725475,15.64051128,8.992245512,,
Dilution 3,0.809724496,14.43689679,8.930950166,1.291834947,3.560016611,4.299213485,2.731384818,0,13.2718794,4.475718111,7.841248509,4.432623452,12.78158354,3.372626855,9.846350287,1.729079833,3.55236272,2.7807127,0,0.73586612,1.016141314,2.684085277,0.598721675,3.585452162,0.471867238,10.94183623,,
Dilution 4,2.25746652,5.545533007,3.16457012,3.416136803,6.555399178,3.833453904,3.802344236,5.115528816,7.336856715,8.698749355,12.27089711,2.252004362,10.53676789,16.02186072,21.02799316,3.576911235,1.841802802,1.683499856,0,2.468221882,2.872211874,3.257981003,1.184073541,0.86517357,2.484698387,4.293346824,,
Dilution 5,2.117562834,14.92449477,2.436950308,2.892475193,0,1.43E-14,0.050743094,3.636368474,6.065939099,10.61680121,10.67207488,0,3.117517155,6.234079748,13.80152104,0.69755633,2.250751614,1.143697128,0,0.014933146,1.997054927,4.237481017,2.629247791,4.786932552,2.616008986,21.14196818,,
,,,,,,,,,,,,,,,,,,,,,,,,,,,,
DataType:,% Recovery,,,,,,,,,,,,,,,,,,,,,,,,,,,
Location,Sample,IL-10,IL-1 beta,IL-2,IP-10 (CXCL-10),IL-4,IL-5,IL-6,IL-22,IL-9,IL-13,IL-27,IL-23,IFN gamma,IL-12p70,GM-CSF,GRO alpha (CXCL1),RANTES (CCL5),TNF alpha,MIP-1 alpha (CCL3),MCP-3 (CCL7),MCP-1 (CCL2),IL-17A (CTLA-8),MIP-2 alpha (CXCL2),Eotaxin (CCL11),IL-18,MIP-1 beta (CCL4),
"25(1,A4)",Standard1,96.67,99.74,102.17,93.15,101.39,100.94,100.89,128.27,204.99,99.89,99.75,103.28,97.53,76.42,104.16,89.57,N/A,76.68,94.8,58.6,102.96,121.47,88.28,74.15,98.42,68.21,
"26(1,B4)",Standard2,102.29,110.67,103.13,93.47,104.7,103.72,108.12,105.36,92.28,100.95,110.01,103.89,106.7,140.98,104.39,144.96,54.27,152.68,107,103.15,94.24,108.19,119.22,105.63,117.28,113.34,
"27(1,C4)",Standard3,108.61,110.47,116.56,132.58,116.31,123.89,115.43,117.03,107.78,118,113,115.44,107.74,103.29,111.46,115.58,117.85,118.61,121.83,121.62,128.29,120.62,112.95,140.12,114.64,107.43,
"28(1,D4)",Standard4,111.08,103.77,104.56,108.35,106.11,103.91,104.22,105.22,108.72,103.21,107.12,123.54,104.15,105.68,110.55,96.77,100.13,105.12,102.2,101.84,111.91,109.79,100.38,108.7,105.86,105.03,
"29(1,E4)",Standard5,105.37,102.56,102.57,94.31,99.56,100.28,100.35,94.17,95.7,95.94,97.78,96.18,98.25,96.49,97.94,114.71,103.44,99.97,101.03,106.12,93.78,108.35,110.72,94.21,96.16,98.62,
"30(1,F4)",Standard6,174.4,124.13,125.02,133.14,123.08,130.1,122.01,130.26,128.21,127.64,168.43,129.44,123.32,109.7,122.47,241.42,153.23,115.29,119.87,118.02,130.84,129.82,230.97,140.83,132.19,111.05,
"31(1,G4)",Standard7,251.61,140.99,175.75,134.56,124.2,138.67,152.23,199.28,106.44,98.26,210.4,88.94,135.11,114.06,115.51,564.93,202.81,129.44,149.76,273.81,229.79,103.07,783.8,201.62,97.13,108.77,
"33(1,A5)",Standard1,101.54,95.29,100.68,117.88,98.31,100.3,99.24,85.26,153.93,113.92,90.64,97.47,98.19,68.69,129.71,87.59,N/A,64.52,106.89,N/A,109,84.6,91.68,119.34,76.5,106.27,
"34(1,B5)",Standard2,105.25,98.66,94.76,104.18,97.02,95.08,93.7,94.47,70.12,93.07,112.28,96.4,103.21,121.15,88.77,112.63,48.36,101.05,93.92,98.89,98.36,96.51,115.39,100.38,97.07,111.68,
"35(1,C5)",Standard3,86.56,87.68,91.4,87.01,88.43,89.79,90.14,89.92,89.9,92.98,83.21,87.48,86.78,85.35,90.18,91.98,93.26,83.61,89.1,85.13,90.8,84.88,89.41,83.43,88.83,89.25,
"36(1,D5)",Standard4,96.93,100.77,99.52,97.56,97.92,98.24,99.91,105.22,112.98,98.09,96.86,98.15,102.96,103.39,102.15,85.36,94.14,104.2,97.65,101.57,96.31,98.26,91.61,99.68,99.65,99.23,
"37(1,E5)",Standard5,98.59,99.17,91.1,96.59,97.88,93.13,94.33,90.42,94.29,95.94,103.71,90.15,101.23,98.65,91.85,110.22,98.54,93.26,98.28,106.12,95.8,97.45,105.1,100.12,98.76,99.36,
"38(1,F5)",Standard6,82.45,85.95,91.96,90.77,88.8,90.51,90.99,95.05,90.65,92.26,81.04,92.22,86.94,94.84,94.2,N/A,83.14,93.94,89.04,83.12,93.75,79.7,N/A,87.09,89.05,93.34,
"39(1,G5)",Standard7,84.42,78.58,76.66,81.39,84.75,80.37,82.14,79.93,93.27,98.26,27.65,115.12,82.56,89.47,87.36,N/A,40.49,83.12,76.07,78.29,73.69,103.07,N/A,80.19,97.13,91.96,
,,,,,,,,,,,,,,,,,,,,,,,,,,,,
DataType:,Comments,,,,,,,,,,,,,,,,,,,,,,,,,,,
Location,Sample,IL-10,IL-1 beta,IL-2,IP-10 (CXCL-10),IL-4,IL-5,IL-6,IL-22,IL-9,IL-13,IL-27,IL-23,IFN gamma,IL-12p70,GM-CSF,GRO alpha (CXCL1),RANTES (CCL5),TNF alpha,MIP-1 alpha (CCL3),MCP-3 (CCL7),MCP-1 (CCL2),IL-17A (CTLA-8),MIP-2 alpha (CXCL2),Eotaxin (CCL11),IL-18,MIP-1 beta (CCL4),
"25(1,A4)",Standard1,,Extrapolated,Extrapolated,,Extrapolated,Extrapolated,Extrapolated,Extrapolated,Extrapolated,,Extrapolated,Extrapolated,,Extrapolated,,Extrapolated,,Extrapolated,,,,Extrapolated,,,Extrapolated,,
"26(1,B4)",Standard2,,,,,,,,,,,,,,,,,,,,,,,,,,,
"27(1,C4)",Standard3,,,,,,,,,,,,,,,,,,,,,,,,,,,
"28(1,D4)",Standard4,,,,,,,,,,,,,,,,,,,,,,,,,,,
"29(1,E4)",Standard5,,,,,,,,,,,,,,,,,,,,,,,,,,,
"30(1,F4)",Standard6,,,,,,,,,,,,,,,,,,,,,,,,,,,
"31(1,G4)",Standard7,,,,,,,,,,,,Extrapolated,,,,,,,,,,,,,,,
"32(1,H4)",Background0,,,,,,,,,,,,,,,,,,,,,,,,,,,
"33(1,A5)",Standard1,Extrapolated,,,Extrapolated,,,,,,Extrapolated,,,Extrapolated,,Extrapolated,,,,Extrapolated,,Extrapolated,,Extrapolated,Extrapolated,,Extrapolated,
"34(1,B5)",Standard2,,,,,,,,,,,,,,,,,,,,,,,,,,,
"35(1,C5)",Standard3,,,,,,,,,,,,,,,,,,,,,,,,,,,
"36(1,D5)",Standard4,,,,,,,,,,,,,,,,,,,,,,,,,,,
"37(1,E5)",Standard5,,,,,,,,,,,,,,,,,,,,,,,,,,,
"38(1,F5)",Standard6,,,,,,,,,,,,,,,,,,,,,,,,,,,
"39(1,G5)",Standard7,Extrapolated,Extrapolated,Extrapolated,Extrapolated,Extrapolated,Extrapolated,Extrapolated,Extrapolated,Extrapolated,,Extrapolated,,Extrapolated,Extrapolated,Extrapolated,,Extrapolated,Extrapolated,Extrapolated,Extrapolated,Extrapolated,,,Extrapolated,,Extrapolated,
"40(1,H5)",Background0,,,,,,,,,,,,,,,,,,,,,,,,,,,
"41(1,A6)",Background0,,,,,,,,,,,,,,,,,,,,,,,,,,,
"42(1,B6)",Cells,,,,,,,,,,,,,,,,,,,,,,,,,,Extrapolated,
"43(1,C6)",Dilution ,,,,,,,,,,,,,,,,,,,,,,,,,,Extrapolated,
"44(1,D6)",Dilution 1,,,,,,,,,,,,,,,,,,,,,,,,,,Extrapolated,
"45(1,E6)",Dilution 2,,,,,,,,,,,,,,,,,,,,,,,,,,Extrapolated,
"46(1,F6)",Dilution 3,,,,,,,,,,,,,,,,,,,,,,,,,,Extrapolated,
"47(1,G6)",Dilution 4,,,,,,,,,,,,,,,,,,,,,,,,,,Extrapolated,
"48(1,H6)",Dilution 5,,,,,,,,,,,,,,,,,,,,,,,,,,Extrapolated,
"49(1,A7)",Background0,,,,,,,,,,,,,,,,,,,,,,,,,,,
"50(1,B7)",Cells,,,,,,,,,,,,,,,,,,,,,,,,,,Extrapolated,
"51(1,C7)",Dilution ,,,,,,,,,,,,,,,,,,,,Extrapolated,,,Extrapolated,,,Extrapolated,
"52(1,D7)",Dilution 1,,,,,,,,,,,,,,,,,,,,,,,,,,,
"53(1,E7)",Dilution 2,,,,,,,,,,,,,,,,,,,,,,,,,,Extrapolated,
"54(1,F7)",Dilution 3,,,,,,,,,,,,,,,,,,,,,,,,,,Extrapolated,
"55(1,G7)",Dilution 4,,,,,,,,,,,,,,,,,,,,,,,,,,Extrapolated,
"56(1,H7)",Dilution 5,,,,,,,,,,,,,,,,,,,,,,,,,,Extrapolated,
,,,,,,,,,,,,,,,,,,,,,,,,,,,,
DataType:,Units,,,,,,,,,,,,,,,,,,,,,,,,,,,
Analyte:,IL-10,IL-1 beta,IL-2,IP-10 (CXCL-10),IL-4,IL-5,IL-6,IL-22,IL-9,IL-13,IL-27,IL-23,IFN gamma,IL-12p70,GM-CSF,GRO alpha (CXCL1),RANTES (CCL5),TNF alpha,MIP-1 alpha (CCL3),MCP-3 (CCL7),MCP-1 (CCL2),IL-17A (CTLA-8),MIP-2 alpha (CXCL2),Eotaxin (CCL11),IL-18,MIP-1 beta (CCL4),,
BeadID:,13,19,20,22,26,27,28,33,34,35,36,37,38,39,42,43,44,45,47,48,51,52,55,62,66,72,,
Units:,pg/mL,pg/mL,pg/mL,pg/mL,pg/mL,pg/mL,pg/mL,pg/mL,pg/mL,pg/mL,pg/mL,pg/mL,pg/mL,pg/mL,pg/mL,pg/mL,pg/mL,pg/mL,pg/mL,pg/mL,pg/mL,pg/mL,pg/mL,pg/mL,pg/mL,pg/mL,,
,,,,,,,,,,,,,,,,,,,,,,,,,,,,
DataType:,Standard Expected Concentration,,,,,,,,,,,,,,,,,,,,,,,,,,,
Reagent,IL-10,IL-1 beta,IL-2,IP-10 (CXCL-10),IL-4,IL-5,IL-6,IL-22,IL-9,IL-13,IL-27,IL-23,IFN gamma,IL-12p70,GM-CSF,GRO alpha (CXCL1),RANTES (CCL5),TNF alpha,MIP-1 alpha (CCL3),MCP-3 (CCL7),MCP-1 (CCL2),IL-17A (CTLA-8),MIP-2 alpha (CXCL2),Eotaxin (CCL11),IL-18,MIP-1 beta (CCL4),,
Standard1,8400,4350,5250,2250,4950,8000,19500,40400,66900,8650,8350,34500,4800,6550,9950,5950,10800,11700,1400,900,28300,5750,3350,2550,207000,6200,,
Standard2,2100,1087.5,1312.5,562.5,1237.5,2000,4875,10100,16725,2162.5,2087.5,8625,1200,1637.5,2487.5,1487.5,2700,2925,350,225,7075,1437.5,837.5,637.5,51750,1550,,
Standard3,525,271.875,328.125,140.625,309.375,500,1218.75,2525,4181.25,540.625,521.875,2156.25,300,409.375,621.875,371.875,675,731.25,87.5,56.25,1768.75,359.375,209.375,159.375,12937.5,387.5,,
Standard4,131.25,67.96875,82.03125,35.15625,77.34375,125,304.6875,631.25,1045.3125,135.15625,130.46875,539.0625,75,102.34375,155.46875,92.96875,168.75,182.8125,21.875,14.0625,442.1875,89.84375,52.34375,39.84375,3234.375,96.875,,
Standard5,32.8125,16.9921875,20.5078125,8.7890625,19.3359375,31.25,76.171875,157.8125,261.328125,33.7890625,32.6171875,134.765625,18.75,25.5859375,38.8671875,23.2421875,42.1875,45.703125,5.46875,3.515625,110.546875,22.4609375,13.0859375,9.9609375,808.59375,24.21875,,
Standard6,8.203125,4.248046875,5.126953125,2.197265625,4.833984375,7.8125,19.04296875,39.453125,65.33203125,8.447265625,8.154296875,33.69140625,4.6875,6.396484375,9.716796875,5.810546875,10.546875,11.42578125,1.3671875,0.87890625,27.63671875,5.615234375,3.271484375,2.490234375,202.1484375,6.0546875,,
Standard7,2.05078125,1.062011719,1.281738281,0.549316406,1.208496094,1.953125,4.760742188,9.86328125,16.33300781,2.111816406,2.038574219,8.422851563,1.171875,1.599121094,2.429199219,1.452636719,2.63671875,2.856445313,0.341796875,0.219726563,6.909179688,1.403808594,0.817871094,0.622558594,50.53710938,1.513671875,,
,,,,,,,,,,,,,,,,,,,,,,,,,,,,
DataType:,Control Expected Concentration,,,,,,,,,,,,,,,,,,,,,,,,,,,
Reagent,IL-10,IL-1 beta,IL-2,IP-10 (CXCL-10),IL-4,IL-5,IL-6,IL-22,IL-9,IL-13,IL-27,IL-23,IFN gamma,IL-12p70,GM-CSF,GRO alpha (CXCL1),RANTES (CCL5),TNF alpha,MIP-1 alpha (CCL3),MCP-3 (CCL7),MCP-1 (CCL2),IL-17A (CTLA-8),MIP-2 alpha (CXCL2),Eotaxin (CCL11),IL-18,MIP-1 beta (CCL4),,
,,,,,,,,,,,,,,,,,,,,,,,,,,,,
DataType:,Control Range - Low,,,,,,,,,,,,,,,,,,,,,,,,,,,
Reagent,IL-10,IL-1 beta,IL-2,IP-10 (CXCL-10),IL-4,IL-5,IL-6,IL-22,IL-9,IL-13,IL-27,IL-23,IFN gamma,IL-12p70,GM-CSF,GRO alpha (CXCL1),RANTES (CCL5),TNF alpha,MIP-1 alpha (CCL3),MCP-3 (CCL7),MCP-1 (CCL2),IL-17A (CTLA-8),MIP-2 alpha (CXCL2),Eotaxin (CCL11),IL-18,MIP-1 beta (CCL4),,
,,,,,,,,,,,,,,,,,,,,,,,,,,,,
DataType:,Control Range - High,,,,,,,,,,,,,,,,,,,,,,,,,,,
Reagent,IL-10,IL-1 beta,IL-2,IP-10 (CXCL-10),IL-4,IL-5,IL-6,IL-22,IL-9,IL-13,IL-27,IL-23,IFN gamma,IL-12p70,GM-CSF,GRO alpha (CXCL1),RANTES (CCL5),TNF alpha,MIP-1 alpha (CCL3),MCP-3 (CCL7),MCP-1 (CCL2),IL-17A (CTLA-8),MIP-2 alpha (CXCL2),Eotaxin (CCL11),IL-18,MIP-1 beta (CCL4),,
,,,,,,,,,,,,,,,,,,,,,,,,,,,,
DataType:,Per Bead Count,,,,,,,,,,,,,,,,,,,,,,,,,,,
Analyte:,IL-10,IL-1 beta,IL-2,IP-10 (CXCL-10),IL-4,IL-5,IL-6,IL-22,IL-9,IL-13,IL-27,IL-23,IFN gamma,IL-12p70,GM-CSF,GRO alpha (CXCL1),RANTES (CCL5),TNF alpha,MIP-1 alpha (CCL3),MCP-3 (CCL7),MCP-1 (CCL2),IL-17A (CTLA-8),MIP-2 alpha (CXCL2),Eotaxin (CCL11),IL-18,MIP-1 beta (CCL4),,
BeadID:,13,19,20,22,26,27,28,33,34,35,36,37,38,39,42,43,44,45,47,48,51,52,55,62,66,72,,
Per Bead:,100,100,100,100,100,100,100,100,100,100,100,100,100,100,100,100,100,100,100,100,100,100,100,100,100,100,,
,,,,,,,,,,,,,,,,,,,,,,,,,,,,
DataType:,Dilution Factor,,,,,,,,,,,,,,,,,,,,,,,,,,,
Location,Sample,Dilution Factor,,,,,,,,,,,,,,,,,,,,,,,,,,
"25(1,A4)",Standard1,,,,,,,,,,,,,,,,,,,,,,,,,,,
"26(1,B4)",Standard2,,,,,,,,,,,,,,,,,,,,,,,,,,,
"27(1,C4)",Standard3,,,,,,,,,,,,,,,,,,,,,,,,,,,
"28(1,D4)",Standard4,,,,,,,,,,,,,,,,,,,,,,,,,,,
"29(1,E4)",Standard5,,,,,,,,,,,,,,,,,,,,,,,,,,,
"30(1,F4)",Standard6,,,,,,,,,,,,,,,,,,,,,,,,,,,
"31(1,G4)",Standard7,,,,,,,,,,,,,,,,,,,,,,,,,,,
"32(1,H4)",Background0,,,,,,,,,,,,,,,,,,,,,,,,,,,
"33(1,A5)",Standard1,,,,,,,,,,,,,,,,,,,,,,,,,,,
"34(1,B5)",Standard2,,,,,,,,,,,,,,,,,,,,,,,,,,,
"35(1,C5)",Standard3,,,,,,,,,,,,,,,,,,,,,,,,,,,
"36(1,D5)",Standard4,,,,,,,,,,,,,,,,,,,,,,,,,,,
"37(1,E5)",Standard5,,,,,,,,,,,,,,,,,,,,,,,,,,,
"38(1,F5)",Standard6,,,,,,,,,,,,,,,,,,,,,,,,,,,
"39(1,G5)",Standard7,,,,,,,,,,,,,,,,,,,,,,,,,,,
"40(1,H5)",Background0,,,,,,,,,,,,,,,,,,,,,,,,,,,
"41(1,A6)",Background0,,,,,,,,,,,,,,,,,,,,,,,,,,,
"42(1,B6)",Cells,1,,,,,,,,,,,,,,,,,,,,,,,,,,
"43(1,C6)",Dilution ,1,,,,,,,,,,,,,,,,,,,,,,,,,,
"44(1,D6)",Dilution 1,1,,,,,,,,,,,,,,,,,,,,,,,,,,
"45(1,E6)",Dilution 2,1,,,,,,,,,,,,,,,,,,,,,,,,,,
"46(1,F6)",Dilution 3,1,,,,,,,,,,,,,,,,,,,,,,,,,,
"47(1,G6)",Dilution 4,1,,,,,,,,,,,,,,,,,,,,,,,,,,
"48(1,H6)",Dilution 5,1,,,,,,,,,,,,,,,,,,,,,,,,,,
"49(1,A7)",Background0,,,,,,,,,,,,,,,,,,,,,,,,,,,
"50(1,B7)",Cells,1,,,,,,,,,,,,,,,,,,,,,,,,,,
"51(1,C7)",Dilution ,1,,,,,,,,,,,,,,,,,,,,,,,,,,
"52(1,D7)",Dilution 1,1,,,,,,,,,,,,,,,,,,,,,,,,,,
"53(1,E7)",Dilution 2,1,,,,,,,,,,,,,,,,,,,,,,,,,,
"54(1,F7)",Dilution 3,1,,,,,,,,,,,,,,,,,,,,,,,,,,
"55(1,G7)",Dilution 4,1,,,,,,,,,,,,,,,,,,,,,,,,,,
"56(1,H7)",Dilution 5,1,,,,,,,,,,,,,,,,,,,,,,,,,,
,,,,,,,,,,,,,,,,,,,,,,,,,,,,
,,,,,,,,,,,,,,,,,,,,,,,,,,,,
DataType:,Analysis Types,,,,,,,,,,,,,,,,,,,,,,,,,,,
Analyte:,IL-10,IL-1 beta,IL-2,IP-10 (CXCL-10),IL-4,IL-5,IL-6,IL-22,IL-9,IL-13,IL-27,IL-23,IFN gamma,IL-12p70,GM-CSF,GRO alpha (CXCL1),RANTES (CCL5),TNF alpha,MIP-1 alpha (CCL3),MCP-3 (CCL7),MCP-1 (CCL2),IL-17A (CTLA-8),MIP-2 alpha (CXCL2),Eotaxin (CCL11),IL-18,MIP-1 beta (CCL4),,
AnalysisType,Logistic 5P Weighted,Logistic 5P Weighted,Logistic 5P Weighted,Logistic 5P Weighted,Logistic 5P Weighted,Logistic 5P Weighted,Logistic 5P Weighted,Logistic 5P Weighted,Logistic 5P Weighted,Logistic 5P Weighted,Logistic 5P Weighted,Logistic 5P Weighted,Logistic 5P Weighted,Logistic 5P Weighted,Logistic 5P Weighted,Logistic 5P Weighted,Logistic 5P Weighted,Logistic 5P Weighted,Logistic 5P Weighted,Logistic 5P Weighted,Logistic 5P Weighted,Logistic 5P Weighted,Logistic 5P Weighted,Logistic 5P Weighted,Logistic 5P Weighted,Logistic 5P Weighted,,
,,,,,,,,,,,,,,,,,,,,,,,,,,,,
DataType:,Analysis Coefficients,,,,,,,,,,,,,,,,,,,,,,,,,,,
Analyte:,IL-10,IL-1 beta,IL-2,IP-10 (CXCL-10),IL-4,IL-5,IL-6,IL-22,IL-9,IL-13,IL-27,IL-23,IFN gamma,IL-12p70,GM-CSF,GRO alpha (CXCL1),RANTES (CCL5),TNF alpha,MIP-1 alpha (CCL3),MCP-3 (CCL7),MCP-1 (CCL2),IL-17A (CTLA-8),MIP-2 alpha (CXCL2),Eotaxin (CCL11),IL-18,MIP-1 beta (CCL4),,
Coefficient A,0.235845213,3.181164467,2.681730994,5.539501327,4.95116565,3.548327429,1.101844444,0.918714846,3.117610028,9.546563276,3.183939006,0.380082488,4.44971192,6.227850644,2.299068904,3.832863911,12.27913961,3.528386336,9.517214898,1.470279245,1.093535776,1.78459679,4.563932917,1.777335669,4.005342959,7.13032353,,
Coefficient B,54369.55645,20936.36843,22548.74705,20599.59686,36968.64835,29163.76766,17845.8271,11110.31042,2973.042524,21299.98927,7301.40659,12042.64313,25690.50879,5400.213787,15149.94621,25632.28301,13529.76025,7654.949067,22374.73074,18310.36146,27409.64752,3604.604456,59246.87423,10844.5635,9818.90338,23611.86416,,
Coefficient C,12857.13646,1314.683592,1512.018958,439.4574996,1774.914713,3594.869928,8176.707278,12171.36611,1324.304582,1798.426224,162.2503796,37556.17019,1860.341156,330.1427506,886.2574104,0.000238956,1289.493477,912.4612271,417.9068801,437.6001013,5820.867897,2053.088464,141.4564185,446.0759414,17281.45878,419.6941355,,
Coefficient D,-0.724375195,-0.986228567,-1.15561792,-1.411736454,-0.645016968,-1.25784804,-1.311310434,-1.488764234,-0.695122823,-1.387764057,-0.400498736,-0.690005029,-0.754641035,-1.077508766,-1.09776931,-0.282523154,-13.76692781,-1.400092182,-1.512487287,-12.28584016,-1.178282002,-1.698101932,-0.539503253,-1.931874373,-1.502403947,-1.150268159,,
Coefficient F,1.545674245,1.287720839,1.044955851,0.811112069,1.83675874,0.897386639,0.834549554,0.729360967,2.281677588,0.823717157,4.907358935,1.515555677,1.455997101,1.087567291,1.351860401,178.983435,0.097662191,0.907671904,0.718224297,0.095898699,1.282293137,0.648674138,4.924846448,0.581854494,1.059186545,1.348106171,,
,,,,,,,,,,,,,,,,,,,,,,,,,,,,
DataType:,R^2,,,,,,,,,,,,,,,,,,,,,,,,,,,
Analyte:,IL-10,IL-1 beta,IL-2,IP-10 (CXCL-10),IL-4,IL-5,IL-6,IL-22,IL-9,IL-13,IL-27,IL-23,IFN gamma,IL-12p70,GM-CSF,GRO alpha (CXCL1),RANTES (CCL5),TNF alpha,MIP-1 alpha (CCL3),MCP-3 (CCL7),MCP-1 (CCL2),IL-17A (CTLA-8),MIP-2 alpha (CXCL2),Eotaxin (CCL11),IL-18,MIP-1 beta (CCL4),,
Value,0.934578511,0.984471267,0.973412913,0.978290139,0.988630969,0.98080876,0.978872668,0.963292601,0.988051022,0.991848865,0.963428352,0.984342923,0.986649915,0.995760694,0.987561021,0.910599401,0.971038246,0.987553691,0.98474255,0.95034301,0.94957538,0.983025597,0.905825891,0.952225728,0.987184891,0.995506301,,
,,,,,,,,,,,,,,,,,,,,,,,,,,,,
DataType:,Audit Logs,,,,,,,,,,,,,,,,,,,,,,,,,,,
UserId,Date,Message,,,,,,,,,,,,,,,,,,,,,,,,,,
admin,2/18/2021 13:08,"Batch 'ePC Particles + MHS Cells', Well '1,A7' set to be reacquired.",,,,,,,,,,,,,,,,,,,,,,,,,,
admin,2/18/2021 13:08,"Batch 'ePC Particles + MHS Cells', Well '1,B7' set to be reacquired.",,,,,,,,,,,,,,,,,,,,,,,,,,
admin,2/18/2021 13:08,"Batch 'ePC Particles + MHS Cells', Well '1,C7' set to be reacquired.",,,,,,,,,,,,,,,,,,,,,,,,,,
admin,2/18/2021 13:08,"Batch 'ePC Particles + MHS Cells', Well '1,D7' set to be reacquired.",,,,,,,,,,,,,,,,,,,,,,,,,,
admin,2/18/2021 13:08,"Batch 'ePC Particles + MHS Cells', Well '1,E7' set to be reacquired.",,,,,,,,,,,,,,,,,,,,,,,,,,
,,,,,,,,,,,,,,,,,,,,,,,,,,,,
DataType:,Warnings/Errors,,,,,,,,,,,,,,,,,,,,,,,,,,,
Location,Status,Message,,,,,,,,,,,,,,,,,,,,,,,,,,
"1,C4",Warning,The acquisition had at least one region that did not reach the specified count.,,,,,,,,,,,,,,,,,,,,,,,,,,
"1,D4",Warning,The acquisition had at least one region that did not reach the specified count.,,,,,,,,,,,,,,,,,,,,,,,,,,
"1,E4",Warning,The acquisition had at least one region that did not reach the specified count.,,,,,,,,,,,,,,,,,,,,,,,,,,
"1,G4",Warning,The acquisition had at least one region that did not reach the specified count.,,,,,,,,,,,,,,,,,,,,,,,,,,
"1,B5",Warning,The acquisition had at least one region that did not reach the specified count.,,,,,,,,,,,,,,,,,,,,,,,,,,
"1,C5",Warning,The acquisition had at least one region that did not reach the specified count.,,,,,,,,,,,,,,,,,,,,,,,,,,
"1,A6",Warning,The acquisition had at least one region that did not reach the specified count.,,,,,,,,,,,,,,,,,,,,,,,,,,
"1,G6",Warning,The acquisition had at least one region that did not reach the specified count.,,,,,,,,,,,,,,,,,,,,,,,,,,
"1,H6",Warning,The acquisition had at least one region that did not reach the specified count.,,,,,,,,,,,,,,,,,,,,,,,,,,
"1,A7",Warning,The acquisition had at least one region that did not reach the specified count.,,,,,,,,,,,,,,,,,,,,,,,,,,
"1,B7",Warning,The acquisition had at least one region that did not reach the specified count.,,,,,,,,,,,,,,,,,,,,,,,,,,
"1,C7",Warning,The acquisition had at least one region that did not reach the specified count.,,,,,,,,,,,,,,,,,,,,,,,,,,
"1,D7",Warning,The acquisition had at least one region that did not reach the specified count.,,,,,,,,,,,,,,,,,,,,,,,,,,
"1,E7",Error,Device Error (ErrorDevError),,,,,,,,,,,,,,,,,,,,,,,,,,
"1,E7",Warning,The acquisition had at least one region that did not reach the specified count.,,,,,,,,,,,,,,,,,,,,,,,,,,
"1,B7",Warning,The acquisition had at least one region that did not reach the specified count.,,,,,,,,,,,,,,,,,,,,,,,,,,
"1,C7",Warning,The acquisition had at least one region that did not reach the specified count.,,,,,,,,,,,,,,,,,,,,,,,,,,
"1,D7",Warning,The acquisition had at least one region that did not reach the specified count.,,,,,,,,,,,,,,,,,,,,,,,,,,
"1,E7",Warning,The acquisition had at least one region that did not reach the specified count.,,,,,,,,,,,,,,,,,,,,,,,,,,
"1,F7",Warning,The acquisition had at least one region that did not reach the specified count.,,,,,,,,,,,,,,,,,,,,,,,,,,
"1,H7",Warning,The acquisition had at least one region that did not reach the specified count.,,,,,,,,,,,,,,,,,,,,,,,,,,
,,,,,,,,,,,,,,,,,,,,,,,,,,,,
-- CRC --,,,,,,,,,,,,,,,,,,,,,,,,,,,,
CRC32: DDFC6E3,,,,,,,,,,,,,,,,,,,,,,,,,,,,
